ID,First Name,Last Name,Company,City,Country
undefined,undefined,undefined,undefined,undefined,undefined
undefined,undefined,undefined,undefined,undefined,undefined
undefined,undefined,undefined,undefined,undefined,undefined
undefined,undefined,undefined,undefined,undefined,undefined
undefined,undefined,undefined,undefined,undefined,undefined
undefined,undefined,undefined,undefined,undefined,undefined
undefined,undefined,undefined,undefined,undefined,undefined
undefined,undefined,undefined,undefined,undefined,undefined
undefined,undefined,undefined,undefined,undefined,undefined
undefined,undefined,undefined,undefined,undefined,undefined
undefined,undefined,undefined,undefined,undefined,undefined
undefined,undefined,undefined,undefined,undefined,undefined
